{"cameraMode":{"drawMode":0,"name":"Shaded","section":"Shading Mode"},"sceneLighting":true,"audioPlay":false,"sceneViewState":{"m_AlwaysRefresh":false,"showFog":true,"showSkybox":true,"showFlares":true,"showImageEffects":true,"showParticleSystems":true,"showVisualEffectGraphs":true,"m_FxEnabled":true},"in2DMode":false,"pivot":{"x":173.7435302734375,"y":50.70355987548828,"z":-353.0102844238281},"rotation":{"x":-0.003814239287748933,"y":-0.8610634207725525,"z":-0.006457956042140722,"w":0.5084508061408997},"size":10.327324867248536,"orthographic":false}